"Language","original","english","czech","german","russian","polish","hungarian","italian","spanish","french","chinese","japanese","portuguese","chinesesimp",
"STR_DME_TASKS_BTN_ABANDON","ABANDON TASK","ABANDON TASK","ABANDON TASK","AUFGABE ABBRECHEN","ABANDON TASK","ABANDON TASK","ABANDON TASK","ABANDON TASK","ABANDON TASK","ABANDON TASK","ABANDON TASK","ABANDON TASK","ABANDON TASK","ABANDON TASK",
"STR_DME_TASKS_BTN_ACCEPT","ACCEPT","ACCEPT","ACCEPT","ANNEHMEN","ACCEPT","ACCEPT","ACCEPT","ACCEPT","ACCEPT","ACCEPT","ACCEPT","ACCEPT","ACCEPT","ACCEPT",
"STR_DME_TASKS_BTN_BACK","< BACK","< BACK","< BACK","< ZURÜCK","< BACK","< BACK","< BACK","< BACK","< BACK","< BACK","< BACK","< BACK","< BACK","< BACK",
"STR_DME_TASKS_BTN_CANCEL","CANCEL","CANCEL","CANCEL","ABBRECHEN","CANCEL","CANCEL","CANCEL","CANCEL","CANCEL","CANCEL","CANCEL","CANCEL","CANCEL","CANCEL",
"STR_DME_TASKS_BTN_CHOICE","DECISION ...","DECISION ...","DECISION ...","ENTSCHEIDUNG ...","DECISION ...","DECISION ...","DECISION ...","DECISION ...","DECISION ...","DECISION ...","DECISION ...","DECISION ...","DECISION ...","DECISION ...",
"STR_DME_TASKS_BTN_CLAIM","CLAIM REWARD","CLAIM REWARD","CLAIM REWARD","BELOHNUNG ABHOLEN","CLAIM REWARD","CLAIM REWARD","CLAIM REWARD","CLAIM REWARD","CLAIM REWARD","CLAIM REWARD","CLAIM REWARD","CLAIM REWARD","CLAIM REWARD","CLAIM REWARD",
"STR_DME_TASKS_BTN_HANDOVER","HAND OVER ITEMS ...","HAND OVER ITEMS ...","HAND OVER ITEMS ...","ITEMS ABGEBEN ...","HAND OVER ITEMS ...","HAND OVER ITEMS ...","HAND OVER ITEMS ...","HAND OVER ITEMS ...","HAND OVER ITEMS ...","HAND OVER ITEMS ...","HAND OVER ITEMS ...","HAND OVER ITEMS ...","HAND OVER ITEMS ...","HAND OVER ITEMS ...",
"STR_DME_TASKS_BTN_REPLACE","REPLACE TASK ...","REPLACE TASK ...","REPLACE TASK ...","AUFGABE ERSETZEN ...","REPLACE TASK ...","REPLACE TASK ...","REPLACE TASK ...","REPLACE TASK ...","REPLACE TASK ...","REPLACE TASK ...","REPLACE TASK ...","REPLACE TASK ...","REPLACE TASK ...","REPLACE TASK ...",
"STR_DME_TASKS_BTN_REPLACE_CONFIRM","REPLACE","REPLACE","REPLACE","ERSETZEN","REPLACE","REPLACE","REPLACE","REPLACE","REPLACE","REPLACE","REPLACE","REPLACE","REPLACE","REPLACE",
"STR_DME_TASKS_BTN_TRACK","TRACK","TRACK","TRACK","VERFOLGEN","TRACK","TRACK","TRACK","TRACK","TRACK","TRACK","TRACK","TRACK","TRACK","TRACK",
"STR_DME_TASKS_BTN_TRACKER_FULL","TRACKER FULL (%1)","TRACKER FULL (%1)","TRACKER FULL (%1)","TRACKER VOLL (%1)","TRACKER FULL (%1)","TRACKER FULL (%1)","TRACKER FULL (%1)","TRACKER FULL (%1)","TRACKER FULL (%1)","TRACKER FULL (%1)","TRACKER FULL (%1)","TRACKER FULL (%1)","TRACKER FULL (%1)","TRACKER FULL (%1)",
"STR_DME_TASKS_BTN_TURNIN","REPORT COMPLETION","REPORT COMPLETION","REPORT COMPLETION","ABSCHLUSS MELDEN","REPORT COMPLETION","REPORT COMPLETION","REPORT COMPLETION","REPORT COMPLETION","REPORT COMPLETION","REPORT COMPLETION","REPORT COMPLETION","REPORT COMPLETION","REPORT COMPLETION","REPORT COMPLETION",
"STR_DME_TASKS_BTN_UNTRACK","UNTRACK","UNTRACK","UNTRACK","NICHT VERFOLGEN","UNTRACK","UNTRACK","UNTRACK","UNTRACK","UNTRACK","UNTRACK","UNTRACK","UNTRACK","UNTRACK","UNTRACK",
"STR_DME_TASKS_CAT_BOSS","BOSS","BOSS","BOSS","BOSS","BOSS","BOSS","BOSS","BOSS","BOSS","BOSS","BOSS","BOSS","BOSS","BOSS",
"STR_DME_TASKS_CAT_DAILY","DAILY","DAILY","DAILY","TÄGLICH","DAILY","DAILY","DAILY","DAILY","DAILY","DAILY","DAILY","DAILY","DAILY","DAILY",
"STR_DME_TASKS_CAT_EXPEDITION","EXPEDITION","EXPEDITION","EXPEDITION","EXPEDITION","EXPEDITION","EXPEDITION","EXPEDITION","EXPEDITION","EXPEDITION","EXPEDITION","EXPEDITION","EXPEDITION","EXPEDITION","EXPEDITION",
"STR_DME_TASKS_CAT_FACTION","FACTION","FACTION","FACTION","FRAKTION","FACTION","FACTION","FACTION","FACTION","FACTION","FACTION","FACTION","FACTION","FACTION","FACTION",
"STR_DME_TASKS_CAT_SIDE","SIDE TASK","SIDE TASK","SIDE TASK","NEBENAUFGABE","SIDE TASK","SIDE TASK","SIDE TASK","SIDE TASK","SIDE TASK","SIDE TASK","SIDE TASK","SIDE TASK","SIDE TASK","SIDE TASK",
"STR_DME_TASKS_CAT_STORY","STORY","STORY","STORY","STORY","STORY","STORY","STORY","STORY","STORY","STORY","STORY","STORY","STORY","STORY",
"STR_DME_TASKS_CAT_WEEKLY","WEEKLY","WEEKLY","WEEKLY","WÖCHENTLICH","WEEKLY","WEEKLY","WEEKLY","WEEKLY","WEEKLY","WEEKLY","WEEKLY","WEEKLY","WEEKLY","WEEKLY",
"STR_DME_TASKS_DLG_CHOICE_BODY","This decision is permanent. It determines your reward and can affect reputation, unlocks and further quest lines.","This decision is permanent. It determines your reward and can affect reputation, unlocks and further quest lines.","This decision is permanent. It determines your reward and can affect reputation, unlocks and further quest lines.","Diese Entscheidung ist dauerhaft. Sie bestimmt deine Belohnung und kann Ruf, Freischaltungen und weitere Questlinien beeinflussen.","This decision is permanent. It determines your reward and can affect reputation, unlocks and further quest lines.","This decision is permanent. It determines your reward and can affect reputation, unlocks and further quest lines.","This decision is permanent. It determines your reward and can affect reputation, unlocks and further quest lines.","This decision is permanent. It determines your reward and can affect reputation, unlocks and further quest lines.","This decision is permanent. It determines your reward and can affect reputation, unlocks and further quest lines.","This decision is permanent. It determines your reward and can affect reputation, unlocks and further quest lines.","This decision is permanent. It determines your reward and can affect reputation, unlocks and further quest lines.","This decision is permanent. It determines your reward and can affect reputation, unlocks and further quest lines.","This decision is permanent. It determines your reward and can affect reputation, unlocks and further quest lines.","This decision is permanent. It determines your reward and can affect reputation, unlocks and further quest lines.",
"STR_DME_TASKS_DLG_CHOICE_TITLE","DECISION","DECISION","DECISION","ENTSCHEIDUNG","DECISION","DECISION","DECISION","DECISION","DECISION","DECISION","DECISION","DECISION","DECISION","DECISION",
"STR_DME_TASKS_DLG_HANDOVER_BODY","Choose the objective for which matching items from your inventory will be permanently handed over:","Choose the objective for which matching items from your inventory will be permanently handed over:","Choose the objective for which matching items from your inventory will be permanently handed over:","Wähle das Ziel, für das passende Gegenstände aus deinem Inventar dauerhaft abgegeben werden sollen:","Choose the objective for which matching items from your inventory will be permanently handed over:","Choose the objective for which matching items from your inventory will be permanently handed over:","Choose the objective for which matching items from your inventory will be permanently handed over:","Choose the objective for which matching items from your inventory will be permanently handed over:","Choose the objective for which matching items from your inventory will be permanently handed over:","Choose the objective for which matching items from your inventory will be permanently handed over:","Choose the objective for which matching items from your inventory will be permanently handed over:","Choose the objective for which matching items from your inventory will be permanently handed over:","Choose the objective for which matching items from your inventory will be permanently handed over:","Choose the objective for which matching items from your inventory will be permanently handed over:",
"STR_DME_TASKS_DLG_HANDOVER_TITLE","HAND OVER ITEMS?","HAND OVER ITEMS?","HAND OVER ITEMS?","ITEMS ABGEBEN?","HAND OVER ITEMS?","HAND OVER ITEMS?","HAND OVER ITEMS?","HAND OVER ITEMS?","HAND OVER ITEMS?","HAND OVER ITEMS?","HAND OVER ITEMS?","HAND OVER ITEMS?","HAND OVER ITEMS?","HAND OVER ITEMS?",
"STR_DME_TASKS_DLG_REPLACE_BODY","This task will be discarded and replaced by a new operational task.<br/>A fee will be charged (amount per server configuration).<br/><br/>Continue?","This task will be discarded and replaced by a new operational task.<br/>A fee will be charged (amount per server configuration).<br/><br/>Continue?","This task will be discarded and replaced by a new operational task.<br/>A fee will be charged (amount per server configuration).<br/><br/>Continue?","Diese Aufgabe wird verworfen und durch eine neue operative Aufgabe ersetzt.<br/>Dafür wird eine Gebühr fällig (Höhe laut Server-Konfiguration).<br/><br/>Fortfahren?","This task will be discarded and replaced by a new operational task.<br/>A fee will be charged (amount per server configuration).<br/><br/>Continue?","This task will be discarded and replaced by a new operational task.<br/>A fee will be charged (amount per server configuration).<br/><br/>Continue?","This task will be discarded and replaced by a new operational task.<br/>A fee will be charged (amount per server configuration).<br/><br/>Continue?","This task will be discarded and replaced by a new operational task.<br/>A fee will be charged (amount per server configuration).<br/><br/>Continue?","This task will be discarded and replaced by a new operational task.<br/>A fee will be charged (amount per server configuration).<br/><br/>Continue?","This task will be discarded and replaced by a new operational task.<br/>A fee will be charged (amount per server configuration).<br/><br/>Continue?","This task will be discarded and replaced by a new operational task.<br/>A fee will be charged (amount per server configuration).<br/><br/>Continue?","This task will be discarded and replaced by a new operational task.<br/>A fee will be charged (amount per server configuration).<br/><br/>Continue?","This task will be discarded and replaced by a new operational task.<br/>A fee will be charged (amount per server configuration).<br/><br/>Continue?","This task will be discarded and replaced by a new operational task.<br/>A fee will be charged (amount per server configuration).<br/><br/>Continue?",
"STR_DME_TASKS_DLG_REPLACE_TITLE","REPLACE OPERATIONAL TASK?","REPLACE OPERATIONAL TASK?","REPLACE OPERATIONAL TASK?","OPERATIVE AUFGABE ERSETZEN?","REPLACE OPERATIONAL TASK?","REPLACE OPERATIONAL TASK?","REPLACE OPERATIONAL TASK?","REPLACE OPERATIONAL TASK?","REPLACE OPERATIONAL TASK?","REPLACE OPERATIONAL TASK?","REPLACE OPERATIONAL TASK?","REPLACE OPERATIONAL TASK?","REPLACE OPERATIONAL TASK?","REPLACE OPERATIONAL TASK?",
"STR_DME_TASKS_FACTION_BANDITS","Bandits","Bandits","Bandits","Banditen","Bandits","Bandits","Bandits","Bandits","Bandits","Bandits","Bandits","Bandits","Bandits","Bandits",
"STR_DME_TASKS_FACTION_EAST","East","East","East","Ost","East","East","East","East","East","East","East","East","East","East",
"STR_DME_TASKS_FACTION_MONSTERS","Monsters","Monsters","Monsters","Monster","Monsters","Monsters","Monsters","Monsters","Monsters","Monsters","Monsters","Monsters","Monsters","Monsters",
"STR_DME_TASKS_FACTION_NEUTRAL","Neutral","Neutral","Neutral","Neutral","Neutral","Neutral","Neutral","Neutral","Neutral","Neutral","Neutral","Neutral","Neutral","Neutral",
"STR_DME_TASKS_FACTION_TRADE_UNION","Trade Union","Trade Union","Trade Union","Handelsunion","Trade Union","Trade Union","Trade Union","Trade Union","Trade Union","Trade Union","Trade Union","Trade Union","Trade Union","Trade Union",
"STR_DME_TASKS_FACTION_WEST","West","West","West","West","West","West","West","West","West","West","West","West","West","West",
"STR_DME_TASKS_GEN_DAILY_DESC","An operational task from the trader. Complete the objective before it expires.","An operational task from the trader. Complete the objective before it expires.","An operational task from the trader. Complete the objective before it expires.","Ein operativer Auftrag des Händlers. Erfülle das Ziel, bevor es abläuft.","An operational task from the trader. Complete the objective before it expires.","An operational task from the trader. Complete the objective before it expires.","An operational task from the trader. Complete the objective before it expires.","An operational task from the trader. Complete the objective before it expires.","An operational task from the trader. Complete the objective before it expires.","An operational task from the trader. Complete the objective before it expires.","An operational task from the trader. Complete the objective before it expires.","An operational task from the trader. Complete the objective before it expires.","An operational task from the trader. Complete the objective before it expires.","An operational task from the trader. Complete the objective before it expires.",
"STR_DME_TASKS_GEN_DAILY_TITLE","Daily Task","Daily Task","Daily Task","Tagesauftrag","Daily Task","Daily Task","Daily Task","Daily Task","Daily Task","Daily Task","Daily Task","Daily Task","Daily Task","Daily Task",
"STR_DME_TASKS_GEN_WEEKLY_DESC","A weekly contract from the trader. Complete the objective before the week ends.","A weekly contract from the trader. Complete the objective before the week ends.","A weekly contract from the trader. Complete the objective before the week ends.","Ein Wochenauftrag des Händlers. Erfülle das Ziel, bevor die Woche endet.","A weekly contract from the trader. Complete the objective before the week ends.","A weekly contract from the trader. Complete the objective before the week ends.","A weekly contract from the trader. Complete the objective before the week ends.","A weekly contract from the trader. Complete the objective before the week ends.","A weekly contract from the trader. Complete the objective before the week ends.","A weekly contract from the trader. Complete the objective before the week ends.","A weekly contract from the trader. Complete the objective before the week ends.","A weekly contract from the trader. Complete the objective before the week ends.","A weekly contract from the trader. Complete the objective before the week ends.","A weekly contract from the trader. Complete the objective before the week ends.",
"STR_DME_TASKS_GEN_WEEKLY_TITLE","Weekly Task","Weekly Task","Weekly Task","Wochenauftrag","Weekly Task","Weekly Task","Weekly Task","Weekly Task","Weekly Task","Weekly Task","Weekly Task","Weekly Task","Weekly Task","Weekly Task",
"STR_DME_TASKS_HUD_OBJECTIVE","OBJECTIVE","OBJECTIVE","OBJECTIVE","ZIEL","OBJECTIVE","OBJECTIVE","OBJECTIVE","OBJECTIVE","OBJECTIVE","OBJECTIVE","OBJECTIVE","OBJECTIVE","OBJECTIVE","OBJECTIVE",
"STR_DME_TASKS_INPUT_CATEGORY","DME Tasks","DME Tasks","DME Tasks","DME Tasks","DME Tasks","DME Tasks","DME Tasks","DME Tasks","DME Tasks","DME Tasks","DME Tasks","DME Tasks","DME Tasks","DME Tasks",
"STR_DME_TASKS_INPUT_TOGGLE_MENU","Open DME Tasks Menu","Open DME Tasks Menu","Open DME Tasks Menu","DME-Tasks-Menü öffnen","Open DME Tasks Menu","Open DME Tasks Menu","Open DME Tasks Menu","Open DME Tasks Menu","Open DME Tasks Menu","Open DME Tasks Menu","Open DME Tasks Menu","Open DME Tasks Menu","Open DME Tasks Menu","Open DME Tasks Menu",
"STR_DME_TASKS_LOCK_ALREADY_COMPLETED","Already completed","Already completed","Already completed","Bereits abgeschlossen","Already completed","Already completed","Already completed","Already completed","Already completed","Already completed","Already completed","Already completed","Already completed","Already completed",
"STR_DME_TASKS_LOCK_BLOCKED_DECISION","Blocked by a decision you made","Blocked by a decision you made","Blocked by a decision you made","Durch getroffene Entscheidung blockiert","Blocked by a decision you made","Blocked by a decision you made","Blocked by a decision you made","Blocked by a decision you made","Blocked by a decision you made","Blocked by a decision you made","Blocked by a decision you made","Blocked by a decision you made","Blocked by a decision you made","Blocked by a decision you made",
"STR_DME_TASKS_LOCK_BLOCKED_QUESTLINE","Blocked by another quest line","Blocked by another quest line","Blocked by another quest line","Durch andere Questlinie blockiert","Blocked by another quest line","Blocked by another quest line","Blocked by another quest line","Blocked by another quest line","Blocked by another quest line","Blocked by another quest line","Blocked by another quest line","Blocked by another quest line","Blocked by another quest line","Blocked by another quest line",
"STR_DME_TASKS_LOCK_BOSS_PROGRESS","Boss progress missing","Boss progress missing","Boss progress missing","Boss-Fortschritt fehlt","Boss progress missing","Boss progress missing","Boss progress missing","Boss progress missing","Boss progress missing","Boss progress missing","Boss progress missing","Boss progress missing","Boss progress missing","Boss progress missing",
"STR_DME_TASKS_LOCK_COOLDOWN","Cooldown active","Cooldown active","Cooldown active","Cooldown aktiv","Cooldown active","Cooldown active","Cooldown active","Cooldown active","Cooldown active","Cooldown active","Cooldown active","Cooldown active","Cooldown active","Cooldown active",
"STR_DME_TASKS_LOCK_DECISION_MISSING","Required decision missing","Required decision missing","Required decision missing","Erforderliche Entscheidung fehlt","Required decision missing","Required decision missing","Required decision missing","Required decision missing","Required decision missing","Required decision missing","Required decision missing","Required decision missing","Required decision missing","Required decision missing",
"STR_DME_TASKS_LOCK_ITEM_MISSING","Required item missing","Required item missing","Required item missing","Benötigter Gegenstand fehlt","Required item missing","Required item missing","Required item missing","Required item missing","Required item missing","Required item missing","Required item missing","Required item missing","Required item missing","Required item missing",
"STR_DME_TASKS_LOCK_LEVEL_REQUIRED","Level %1 required","Level %1 required","Level %1 required","Level %1 benötigt","Level %1 required","Level %1 required","Level %1 required","Level %1 required","Level %1 required","Level %1 required","Level %1 required","Level %1 required","Level %1 required","Level %1 required",
"STR_DME_TASKS_LOCK_NOT_UNLOCKED","Not unlocked yet","Not unlocked yet","Not unlocked yet","Noch nicht freigeschaltet","Not unlocked yet","Not unlocked yet","Not unlocked yet","Not unlocked yet","Not unlocked yet","Not unlocked yet","Not unlocked yet","Not unlocked yet","Not unlocked yet","Not unlocked yet",
"STR_DME_TASKS_LOCK_PREV_QUEST","Previous quest not completed","Previous quest not completed","Previous quest not completed","Vorherige Quest nicht abgeschlossen","Previous quest not completed","Previous quest not completed","Previous quest not completed","Previous quest not completed","Previous quest not completed","Previous quest not completed","Previous quest not completed","Previous quest not completed","Previous quest not completed","Previous quest not completed",
"STR_DME_TASKS_LOCK_REPUTATION_LOW","Not enough reputation with the trader","Not enough reputation with the trader","Not enough reputation with the trader","Zu wenig Ruf beim Händler","Not enough reputation with the trader","Not enough reputation with the trader","Not enough reputation with the trader","Not enough reputation with the trader","Not enough reputation with the trader","Not enough reputation with the trader","Not enough reputation with the trader","Not enough reputation with the trader","Not enough reputation with the trader","Not enough reputation with the trader",
"STR_DME_TASKS_LOCK_SEASON_LEVEL","Season level too low","Season level too low","Season level too low","Season-Level zu niedrig","Season level too low","Season level too low","Season level too low","Season level too low","Season level too low","Season level too low","Season level too low","Season level too low","Season level too low","Season level too low",
"STR_DME_TASKS_LOCK_SKILL","Skill requirement not met","Skill requirement not met","Skill requirement not met","Skill-Anforderung nicht erfüllt","Skill requirement not met","Skill requirement not met","Skill requirement not met","Skill requirement not met","Skill requirement not met","Skill requirement not met","Skill requirement not met","Skill requirement not met","Skill requirement not met","Skill requirement not met",
"STR_DME_TASKS_LOCK_STATE_NOT_LOADED","Player data not loaded","Player data not loaded","Player data not loaded","Spielerdaten nicht geladen","Player data not loaded","Player data not loaded","Player data not loaded","Player data not loaded","Player data not loaded","Player data not loaded","Player data not loaded","Player data not loaded","Player data not loaded","Player data not loaded",
"STR_DME_TASKS_LOCK_TIME_WINDOW","Only available at certain times of day","Only available at certain times of day","Only available at certain times of day","Nur zu bestimmter Tageszeit verfügbar","Only available at certain times of day","Only available at certain times of day","Only available at certain times of day","Only available at certain times of day","Only available at certain times of day","Only available at certain times of day","Only available at certain times of day","Only available at certain times of day","Only available at certain times of day","Only available at certain times of day",
"STR_DME_TASKS_LOCK_TRADER_LEVEL_REQUIRED","Trader level %1 required","Trader level %1 required","Trader level %1 required","Händler-Stufe %1 benötigt","Trader level %1 required","Trader level %1 required","Trader level %1 required","Trader level %1 required","Trader level %1 required","Trader level %1 required","Trader level %1 required","Trader level %1 required","Trader level %1 required","Trader level %1 required",
"STR_DME_TASKS_LOCK_WRONG_FACTION","Wrong faction","Wrong faction","Wrong faction","Falsche Fraktion","Wrong faction","Wrong faction","Wrong faction","Wrong faction","Wrong faction","Wrong faction","Wrong faction","Wrong faction","Wrong faction","Wrong faction",
"STR_DME_TASKS_MENU_CATEGORY_PREFIX","CATEGORY: %1","CATEGORY: %1","CATEGORY: %1","KATEGORIE: %1","CATEGORY: %1","CATEGORY: %1","CATEGORY: %1","CATEGORY: %1","CATEGORY: %1","CATEGORY: %1","CATEGORY: %1","CATEGORY: %1","CATEGORY: %1","CATEGORY: %1",
"STR_DME_TASKS_MENU_CHECK_DONE","[X]","[X]","[X]","[X]","[X]","[X]","[X]","[X]","[X]","[X]","[X]","[X]","[X]","[X]",
"STR_DME_TASKS_MENU_CHECK_OPEN","[ ]","[ ]","[ ]","[ ]","[ ]","[ ]","[ ]","[ ]","[ ]","[ ]","[ ]","[ ]","[ ]","[ ]",
"STR_DME_TASKS_MENU_FILTER","FILTER","FILTER","FILTER","FILTER","FILTER","FILTER","FILTER","FILTER","FILTER","FILTER","FILTER","FILTER","FILTER","FILTER",
"STR_DME_TASKS_MENU_FILTER_ALL","ALL","ALL","ALL","ALLE","ALL","ALL","ALL","ALL","ALL","ALL","ALL","ALL","ALL","ALL",
"STR_DME_TASKS_MENU_FILTER_SIDE","SIDE","SIDE","SIDE","NEBEN","SIDE","SIDE","SIDE","SIDE","SIDE","SIDE","SIDE","SIDE","SIDE","SIDE",
"STR_DME_TASKS_MENU_HDR_LOYALTY","LOYALTY LEVEL","LOYALTY LEVEL","LOYALTY LEVEL","LOYALITÄTSSTUFE","LOYALTY LEVEL","LOYALTY LEVEL","LOYALTY LEVEL","LOYALTY LEVEL","LOYALTY LEVEL","LOYALTY LEVEL","LOYALTY LEVEL","LOYALTY LEVEL","LOYALTY LEVEL","LOYALTY LEVEL",
"STR_DME_TASKS_MENU_HDR_REPUTATION","REPUTATION","REPUTATION","REPUTATION","REPUTATION","REPUTATION","REPUTATION","REPUTATION","REPUTATION","REPUTATION","REPUTATION","REPUTATION","REPUTATION","REPUTATION","REPUTATION",
"STR_DME_TASKS_MENU_HDR_TURNOVER","TURNOVER","TURNOVER","TURNOVER","UMSATZ","TURNOVER","TURNOVER","TURNOVER","TURNOVER","TURNOVER","TURNOVER","TURNOVER","TURNOVER","TURNOVER","TURNOVER",
"STR_DME_TASKS_MENU_LOCKED_REASON","LOCKED: %1","LOCKED: %1","LOCKED: %1","GESPERRT: %1","LOCKED: %1","LOCKED: %1","LOCKED: %1","LOCKED: %1","LOCKED: %1","LOCKED: %1","LOCKED: %1","LOCKED: %1","LOCKED: %1","LOCKED: %1",
"STR_DME_TASKS_MENU_MORE_OBJECTIVES","... and %1 more objectives","... and %1 more objectives","... and %1 more objectives","... und %1 weitere Ziele","... and %1 more objectives","... and %1 more objectives","... and %1 more objectives","... and %1 more objectives","... and %1 more objectives","... and %1 more objectives","... and %1 more objectives","... and %1 more objectives","... and %1 more objectives","... and %1 more objectives",
"STR_DME_TASKS_MENU_NONE","NONE","NONE","NONE","KEINE","NONE","NONE","NONE","NONE","NONE","NONE","NONE","NONE","NONE","NONE",
"STR_DME_TASKS_MENU_NO_TRADER","NO TRADER","NO TRADER","NO TRADER","KEIN HÄNDLER","NO TRADER","NO TRADER","NO TRADER","NO TRADER","NO TRADER","NO TRADER","NO TRADER","NO TRADER","NO TRADER","NO TRADER",
"STR_DME_TASKS_MENU_OBJECTIVES_SHORT","%1/%2 OBJECTIVES","%1/%2 OBJECTIVES","%1/%2 OBJECTIVES","%1/%2 ZIELE","%1/%2 OBJECTIVES","%1/%2 OBJECTIVES","%1/%2 OBJECTIVES","%1/%2 OBJECTIVES","%1/%2 OBJECTIVES","%1/%2 OBJECTIVES","%1/%2 OBJECTIVES","%1/%2 OBJECTIVES","%1/%2 OBJECTIVES","%1/%2 OBJECTIVES",
"STR_DME_TASKS_MENU_OBJ_BOSS","Kill the boss","Kill the boss","Kill the boss","Töte den Boss","Kill the boss","Kill the boss","Kill the boss","Kill the boss","Kill the boss","Kill the boss","Kill the boss","Kill the boss","Kill the boss","Kill the boss",
"STR_DME_TASKS_MENU_OBJ_BOSS_NAMED","Kill the boss %1","Kill the boss %1","Kill the boss %1","Töte den Boss %1","Kill the boss %1","Kill the boss %1","Kill the boss %1","Kill the boss %1","Kill the boss %1","Kill the boss %1","Kill the boss %1","Kill the boss %1","Kill the boss %1","Kill the boss %1",
"STR_DME_TASKS_MENU_OBJ_COLLECT","Collect %1 x %2","Collect %1 x %2","Collect %1 x %2","Sammle %1 x %2","Collect %1 x %2","Collect %1 x %2","Collect %1 x %2","Collect %1 x %2","Collect %1 x %2","Collect %1 x %2","Collect %1 x %2","Collect %1 x %2","Collect %1 x %2","Collect %1 x %2",
"STR_DME_TASKS_MENU_OBJ_CRAFT","Craft %1 x %2","Craft %1 x %2","Craft %1 x %2","Stelle %1 x %2 her","Craft %1 x %2","Craft %1 x %2","Craft %1 x %2","Craft %1 x %2","Craft %1 x %2","Craft %1 x %2","Craft %1 x %2","Craft %1 x %2","Craft %1 x %2","Craft %1 x %2",
"STR_DME_TASKS_MENU_OBJ_DEFEND","Defend the area","Defend the area","Defend the area","Verteidige das Gebiet","Defend the area","Defend the area","Defend the area","Defend the area","Defend the area","Defend the area","Defend the area","Defend the area","Defend the area","Defend the area",
"STR_DME_TASKS_MENU_OBJ_DEFEND_ZONE","Defend %1","Defend %1","Defend %1","Verteidige %1","Defend %1","Defend %1","Defend %1","Defend %1","Defend %1","Defend %1","Defend %1","Defend %1","Defend %1","Defend %1",
"STR_DME_TASKS_MENU_OBJ_DELIVER","Deliver %1 x %2","Deliver %1 x %2","Deliver %1 x %2","Liefere %1 x %2","Deliver %1 x %2","Deliver %1 x %2","Deliver %1 x %2","Deliver %1 x %2","Deliver %1 x %2","Deliver %1 x %2","Deliver %1 x %2","Deliver %1 x %2","Deliver %1 x %2","Deliver %1 x %2",
"STR_DME_TASKS_MENU_OBJ_DISCOVER","Discover the target location","Discover the target location","Discover the target location","Entdecke den Zielort","Discover the target location","Discover the target location","Discover the target location","Discover the target location","Discover the target location","Discover the target location","Discover the target location","Discover the target location","Discover the target location","Discover the target location",
"STR_DME_TASKS_MENU_OBJ_DISCOVER_ZONE","Discover %1","Discover %1","Discover %1","Entdecke %1","Discover %1","Discover %1","Discover %1","Discover %1","Discover %1","Discover %1","Discover %1","Discover %1","Discover %1","Discover %1",
"STR_DME_TASKS_MENU_OBJ_ESCORT","Escort the target","Escort the target","Escort the target","Eskortiere das Ziel","Escort the target","Escort the target","Escort the target","Escort the target","Escort the target","Escort the target","Escort the target","Escort the target","Escort the target","Escort the target",
"STR_DME_TASKS_MENU_OBJ_EXTRACT","Extract from the operation area","Extract from the operation area","Extract from the operation area","Extrahiere aus dem Einsatzgebiet","Extract from the operation area","Extract from the operation area","Extract from the operation area","Extract from the operation area","Extract from the operation area","Extract from the operation area","Extract from the operation area","Extract from the operation area","Extract from the operation area","Extract from the operation area",
"STR_DME_TASKS_MENU_OBJ_EXTRACT_HOLD"," (%1 in the zone)"," (%1 in the zone)"," (%1 in the zone)"," (%1 im Punkt)"," (%1 in the zone)"," (%1 in the zone)"," (%1 in the zone)"," (%1 in the zone)"," (%1 in the zone)"," (%1 in the zone)"," (%1 in the zone)"," (%1 in the zone)"," (%1 in the zone)"," (%1 in the zone)",
"STR_DME_TASKS_MENU_OBJ_EXTRACT_ZONE","Extract via %1","Extract via %1","Extract via %1","Extrahiere über %1","Extract via %1","Extract via %1","Extract via %1","Extract via %1","Extract via %1","Extract via %1","Extract via %1","Extract via %1","Extract via %1","Extract via %1",
"STR_DME_TASKS_MENU_OBJ_GROUP","Complete the group objective","Complete the group objective","Complete the group objective","Erfülle das Gruppenziel","Complete the group objective","Complete the group objective","Complete the group objective","Complete the group objective","Complete the group objective","Complete the group objective","Complete the group objective","Complete the group objective","Complete the group objective","Complete the group objective",
"STR_DME_TASKS_MENU_OBJ_HANDOVER","Hand over %1 x %2","Hand over %1 x %2","Hand over %1 x %2","Übergib %1 x %2","Hand over %1 x %2","Hand over %1 x %2","Hand over %1 x %2","Hand over %1 x %2","Hand over %1 x %2","Hand over %1 x %2","Hand over %1 x %2","Hand over %1 x %2","Hand over %1 x %2","Hand over %1 x %2",
"STR_DME_TASKS_MENU_OBJ_INTERACT","Interact with %1","Interact with %1","Interact with %1","Interagiere mit %1","Interact with %1","Interact with %1","Interact with %1","Interact with %1","Interact with %1","Interact with %1","Interact with %1","Interact with %1","Interact with %1","Interact with %1",
"STR_DME_TASKS_MENU_OBJ_KILL","Kill %1 x %2","Kill %1 x %2","Kill %1 x %2","Töte %1 x %2","Kill %1 x %2","Kill %1 x %2","Kill %1 x %2","Kill %1 x %2","Kill %1 x %2","Kill %1 x %2","Kill %1 x %2","Kill %1 x %2","Kill %1 x %2","Kill %1 x %2",
"STR_DME_TASKS_MENU_OBJ_MARK","Mark the target","Mark the target","Mark the target","Markiere das Ziel","Mark the target","Mark the target","Mark the target","Mark the target","Mark the target","Mark the target","Mark the target","Mark the target","Mark the target","Mark the target",
"STR_DME_TASKS_MENU_OBJ_RETURN","Return to the trader","Return to the trader","Return to the trader","Kehre zum Händler zurück","Return to the trader","Return to the trader","Return to the trader","Return to the trader","Return to the trader","Return to the trader","Return to the trader","Return to the trader","Return to the trader","Return to the trader",
"STR_DME_TASKS_MENU_OBJ_RETURN_ALIVE","Return to the trader alive","Return to the trader alive","Return to the trader alive","Kehre lebend zum Händler zurück","Return to the trader alive","Return to the trader alive","Return to the trader alive","Return to the trader alive","Return to the trader alive","Return to the trader alive","Return to the trader alive","Return to the trader alive","Return to the trader alive","Return to the trader alive",
"STR_DME_TASKS_MENU_OBJ_SIGNAL","Send the signal","Send the signal","Send the signal","Setze das Signal ab","Send the signal","Send the signal","Send the signal","Send the signal","Send the signal","Send the signal","Send the signal","Send the signal","Send the signal","Send the signal",
"STR_DME_TASKS_MENU_OBJ_STASH","Stash %1 x %2","Stash %1 x %2","Stash %1 x %2","Verstecke %1 x %2","Stash %1 x %2","Stash %1 x %2","Stash %1 x %2","Stash %1 x %2","Stash %1 x %2","Stash %1 x %2","Stash %1 x %2","Stash %1 x %2","Stash %1 x %2","Stash %1 x %2",
"STR_DME_TASKS_MENU_OBJ_SUFFIX_HITZONE"," | hit zone: %1"," | hit zone: %1"," | hit zone: %1"," | Trefferzone: %1"," | hit zone: %1"," | hit zone: %1"," | hit zone: %1"," | hit zone: %1"," | hit zone: %1"," | hit zone: %1"," | hit zone: %1"," | hit zone: %1"," | hit zone: %1"," | hit zone: %1",
"STR_DME_TASKS_MENU_OBJ_SUFFIX_MAX_DIST"," | max. %1 m"," | max. %1 m"," | max. %1 m"," | max. %1 m"," | max. %1 m"," | max. %1 m"," | max. %1 m"," | max. %1 m"," | max. %1 m"," | max. %1 m"," | max. %1 m"," | max. %1 m"," | max. %1 m"," | max. %1 m",
"STR_DME_TASKS_MENU_OBJ_SUFFIX_MIN_DIST"," | from %1 m"," | from %1 m"," | from %1 m"," | ab %1 m"," | from %1 m"," | from %1 m"," | from %1 m"," | from %1 m"," | from %1 m"," | from %1 m"," | from %1 m"," | from %1 m"," | from %1 m"," | from %1 m",
"STR_DME_TASKS_MENU_OBJ_SUFFIX_SUPPRESSOR"," | with suppressor"," | with suppressor"," | with suppressor"," | mit Schalldämpfer"," | with suppressor"," | with suppressor"," | with suppressor"," | with suppressor"," | with suppressor"," | with suppressor"," | with suppressor"," | with suppressor"," | with suppressor"," | with suppressor",
"STR_DME_TASKS_MENU_OBJ_SUFFIX_TIME"," | %1:00-%2:00"," | %1:00-%2:00"," | %1:00-%2:00"," | %1-%2 Uhr"," | %1:00-%2:00"," | %1:00-%2:00"," | %1:00-%2:00"," | %1:00-%2:00"," | %1:00-%2:00"," | %1:00-%2:00"," | %1:00-%2:00"," | %1:00-%2:00"," | %1:00-%2:00"," | %1:00-%2:00",
"STR_DME_TASKS_MENU_OBJ_SURVIVE","Survive %1","Survive %1","Survive %1","Überlebe %1","Survive %1","Survive %1","Survive %1","Survive %1","Survive %1","Survive %1","Survive %1","Survive %1","Survive %1","Survive %1",
"STR_DME_TASKS_MENU_OBJ_TO_ZONE"," to %1"," to %1"," to %1"," nach %1"," to %1"," to %1"," to %1"," to %1"," to %1"," to %1"," to %1"," to %1"," to %1"," to %1",
"STR_DME_TASKS_MENU_OBJ_TRAVEL","Reach the target area","Reach the target area","Reach the target area","Erreiche das Zielgebiet","Reach the target area","Reach the target area","Reach the target area","Reach the target area","Reach the target area","Reach the target area","Reach the target area","Reach the target area","Reach the target area","Reach the target area",
"STR_DME_TASKS_MENU_OBJ_TRAVEL_ZONE","Reach the area %1","Reach the area %1","Reach the area %1","Erreiche das Gebiet %1","Reach the area %1","Reach the area %1","Reach the area %1","Reach the area %1","Reach the area %1","Reach the area %1","Reach the area %1","Reach the area %1","Reach the area %1","Reach the area %1",
"STR_DME_TASKS_MENU_OBJ_USE_ITEM","Use %1","Use %1","Use %1","Benutze %1","Use %1","Use %1","Use %1","Use %1","Use %1","Use %1","Use %1","Use %1","Use %1","Use %1",
"STR_DME_TASKS_MENU_PENALTY_DEATH","! Death results in failure","! Death results in failure","! Death results in failure","! Tod führt zum Fehlschlag","! Death results in failure","! Death results in failure","! Death results in failure","! Death results in failure","! Death results in failure","! Death results in failure","! Death results in failure","! Death results in failure","! Death results in failure","! Death results in failure",
"STR_DME_TASKS_MENU_PENALTY_FACTION","! Changing faction results in failure","! Changing faction results in failure","! Changing faction results in failure","! Fraktionswechsel führt zum Fehlschlag","! Changing faction results in failure","! Changing faction results in failure","! Changing faction results in failure","! Changing faction results in failure","! Changing faction results in failure","! Changing faction results in failure","! Changing faction results in failure","! Changing faction results in failure","! Changing faction results in failure","! Changing faction results in failure",
"STR_DME_TASKS_MENU_PENALTY_TIMELIMIT","! Time limit: %1","! Time limit: %1","! Time limit: %1","! Zeitlimit: %1","! Time limit: %1","! Time limit: %1","! Time limit: %1","! Time limit: %1","! Time limit: %1","! Time limit: %1","! Time limit: %1","! Time limit: %1","! Time limit: %1","! Time limit: %1",
"STR_DME_TASKS_MENU_REPEATABLE"," | REPEATABLE"," | REPEATABLE"," | REPEATABLE"," | WIEDERHOLBAR"," | REPEATABLE"," | REPEATABLE"," | REPEATABLE"," | REPEATABLE"," | REPEATABLE"," | REPEATABLE"," | REPEATABLE"," | REPEATABLE"," | REPEATABLE"," | REPEATABLE",
"STR_DME_TASKS_MENU_REWARD_CHOICE_HINT","NOTE: Decision rewards replace the base reward (DECISION button).","NOTE: Decision rewards replace the base reward (DECISION button).","NOTE: Decision rewards replace the base reward (DECISION button).","HINWEIS: Entscheidungs-Belohnungen ersetzen die Basis-Belohnung (Button ENTSCHEIDUNG).","NOTE: Decision rewards replace the base reward (DECISION button).","NOTE: Decision rewards replace the base reward (DECISION button).","NOTE: Decision rewards replace the base reward (DECISION button).","NOTE: Decision rewards replace the base reward (DECISION button).","NOTE: Decision rewards replace the base reward (DECISION button).","NOTE: Decision rewards replace the base reward (DECISION button).","NOTE: Decision rewards replace the base reward (DECISION button).","NOTE: Decision rewards replace the base reward (DECISION button).","NOTE: Decision rewards replace the base reward (DECISION button).","NOTE: Decision rewards replace the base reward (DECISION button).",
"STR_DME_TASKS_MENU_REWARD_CURRENCY","+ %1 RUB","+ %1 RUB","+ %1 RUB","+ %1 RUB","+ %1 RUB","+ %1 RUB","+ %1 RUB","+ %1 RUB","+ %1 RUB","+ %1 RUB","+ %1 RUB","+ %1 RUB","+ %1 RUB","+ %1 RUB",
"STR_DME_TASKS_MENU_REWARD_ITEM","+ %1 x %2","+ %1 x %2","+ %1 x %2","+ %1 x %2","+ %1 x %2","+ %1 x %2","+ %1 x %2","+ %1 x %2","+ %1 x %2","+ %1 x %2","+ %1 x %2","+ %1 x %2","+ %1 x %2","+ %1 x %2",
"STR_DME_TASKS_MENU_REWARD_REPUTATION","%1 reputation","%1 reputation","%1 reputation","%1 Reputation","%1 reputation","%1 reputation","%1 reputation","%1 reputation","%1 reputation","%1 reputation","%1 reputation","%1 reputation","%1 reputation","%1 reputation",
"STR_DME_TASKS_MENU_REWARD_RIVAL_REP","%1: %2 reputation","%1: %2 reputation","%1: %2 reputation","%1: %2 Reputation","%1: %2 reputation","%1: %2 reputation","%1: %2 reputation","%1: %2 reputation","%1: %2 reputation","%1: %2 reputation","%1: %2 reputation","%1: %2 reputation","%1: %2 reputation","%1: %2 reputation",
"STR_DME_TASKS_MENU_REWARD_SEASON_XP","+ %1 season XP","+ %1 season XP","+ %1 season XP","+ %1 Season-XP","+ %1 season XP","+ %1 season XP","+ %1 season XP","+ %1 season XP","+ %1 season XP","+ %1 season XP","+ %1 season XP","+ %1 season XP","+ %1 season XP","+ %1 season XP",
"STR_DME_TASKS_MENU_REWARD_SKILLPOINTS","+ %1 skill points","+ %1 skill points","+ %1 skill points","+ %1 Skillpunkte","+ %1 skill points","+ %1 skill points","+ %1 skill points","+ %1 skill points","+ %1 skill points","+ %1 skill points","+ %1 skill points","+ %1 skill points","+ %1 skill points","+ %1 skill points",
"STR_DME_TASKS_MENU_REWARD_XP","+ %1 XP","+ %1 XP","+ %1 XP","+ %1 XP","+ %1 XP","+ %1 XP","+ %1 XP","+ %1 XP","+ %1 XP","+ %1 XP","+ %1 XP","+ %1 XP","+ %1 XP","+ %1 XP",
"STR_DME_TASKS_MENU_SECTION_BRIEFING","BRIEFING","BRIEFING","BRIEFING","BRIEFING","BRIEFING","BRIEFING","BRIEFING","BRIEFING","BRIEFING","BRIEFING","BRIEFING","BRIEFING","BRIEFING","BRIEFING",
"STR_DME_TASKS_MENU_SECTION_OBJECTIVES","OBJECTIVES","OBJECTIVES","OBJECTIVES","ZIELE","OBJECTIVES","OBJECTIVES","OBJECTIVES","OBJECTIVES","OBJECTIVES","OBJECTIVES","OBJECTIVES","OBJECTIVES","OBJECTIVES","OBJECTIVES",
"STR_DME_TASKS_MENU_SECTION_PENALTIES","PENALTIES ON FAILURE","PENALTIES ON FAILURE","PENALTIES ON FAILURE","STRAFEN BEI FEHLSCHLAG","PENALTIES ON FAILURE","PENALTIES ON FAILURE","PENALTIES ON FAILURE","PENALTIES ON FAILURE","PENALTIES ON FAILURE","PENALTIES ON FAILURE","PENALTIES ON FAILURE","PENALTIES ON FAILURE","PENALTIES ON FAILURE","PENALTIES ON FAILURE",
"STR_DME_TASKS_MENU_SECTION_REWARDS","REWARDS","REWARDS","REWARDS","BELOHNUNGEN","REWARDS","REWARDS","REWARDS","REWARDS","REWARDS","REWARDS","REWARDS","REWARDS","REWARDS","REWARDS",
"STR_DME_TASKS_MENU_SHOW_HIDDEN_OFF","COMPLETED/LOCKED: OFF","COMPLETED/LOCKED: OFF","COMPLETED/LOCKED: OFF","ABGESCHL./GESPERRTE: AUS","COMPLETED/LOCKED: OFF","COMPLETED/LOCKED: OFF","COMPLETED/LOCKED: OFF","COMPLETED/LOCKED: OFF","COMPLETED/LOCKED: OFF","COMPLETED/LOCKED: OFF","COMPLETED/LOCKED: OFF","COMPLETED/LOCKED: OFF","COMPLETED/LOCKED: OFF","COMPLETED/LOCKED: OFF",
"STR_DME_TASKS_MENU_SHOW_HIDDEN_ON","COMPLETED/LOCKED: ON","COMPLETED/LOCKED: ON","COMPLETED/LOCKED: ON","ABGESCHL./GESPERRTE: AN","COMPLETED/LOCKED: ON","COMPLETED/LOCKED: ON","COMPLETED/LOCKED: ON","COMPLETED/LOCKED: ON","COMPLETED/LOCKED: ON","COMPLETED/LOCKED: ON","COMPLETED/LOCKED: ON","COMPLETED/LOCKED: ON","COMPLETED/LOCKED: ON","COMPLETED/LOCKED: ON",
"STR_DME_TASKS_MENU_SYNCING","SYNCHRONIZING ...","SYNCHRONIZING ...","SYNCHRONIZING ...","SYNCHRONISIERE ...","SYNCHRONIZING ...","SYNCHRONIZING ...","SYNCHRONIZING ...","SYNCHRONIZING ...","SYNCHRONIZING ...","SYNCHRONIZING ...","SYNCHRONIZING ...","SYNCHRONIZING ...","SYNCHRONIZING ...","SYNCHRONIZING ...",
"STR_DME_TASKS_MENU_TAB_BUY","BUY","BUY","BUY","KAUFEN","BUY","BUY","BUY","BUY","BUY","BUY","BUY","BUY","BUY","BUY",
"STR_DME_TASKS_MENU_TAB_SELL","SELL","SELL","SELL","VERKAUFEN","SELL","SELL","SELL","SELL","SELL","SELL","SELL","SELL","SELL","SELL",
"STR_DME_TASKS_MENU_TAB_SERVICES","SERVICES","SERVICES","SERVICES","DIENSTE","SERVICES","SERVICES","SERVICES","SERVICES","SERVICES","SERVICES","SERVICES","SERVICES","SERVICES","SERVICES",
"STR_DME_TASKS_MENU_TAB_TASKS","TASKS","TASKS","TASKS","AUFGABEN","TASKS","TASKS","TASKS","TASKS","TASKS","TASKS","TASKS","TASKS","TASKS","TASKS",
"STR_DME_TASKS_MENU_TARGET_ANIMALS","Animals","Animals","Animals","Tiere","Animals","Animals","Animals","Animals","Animals","Animals","Animals","Animals","Animals","Animals",
"STR_DME_TASKS_MENU_TARGET_BANDITS","Bandits (AI)","Bandits (AI)","Bandits (AI)","Banditen (KI)","Bandits (AI)","Bandits (AI)","Bandits (AI)","Bandits (AI)","Bandits (AI)","Bandits (AI)","Bandits (AI)","Bandits (AI)","Bandits (AI)","Bandits (AI)",
"STR_DME_TASKS_MENU_TARGET_DEFAULT","the target","the target","the target","dem Ziel","the target","the target","the target","the target","the target","the target","the target","the target","the target","the target",
"STR_DME_TASKS_MENU_TARGET_ENEMY","enemies","enemies","enemies","Gegner","enemies","enemies","enemies","enemies","enemies","enemies","enemies","enemies","enemies","enemies",
"STR_DME_TASKS_MENU_TARGET_INFECTED","Infected","Infected","Infected","Infizierte","Infected","Infected","Infected","Infected","Infected","Infected","Infected","Infected","Infected","Infected",
"STR_DME_TASKS_MENU_TARGET_ITEM","the designated item","the designated item","the designated item","das vorgesehene Item","the designated item","the designated item","the designated item","the designated item","the designated item","the designated item","the designated item","the designated item","the designated item","the designated item",
"STR_DME_TASKS_MENU_TARGET_PLAYERS","Players","Players","Players","Spieler","Players","Players","Players","Players","Players","Players","Players","Players","Players","Players",
"STR_DME_TASKS_MENU_TASK_COUNT","%1 TASKS","%1 TASKS","%1 TASKS","%1 AUFGABEN","%1 TASKS","%1 TASKS","%1 TASKS","%1 TASKS","%1 TASKS","%1 TASKS","%1 TASKS","%1 TASKS","%1 TASKS","%1 TASKS",
"STR_DME_TASKS_MENU_TOGGLE","[TOGGLE]","[TOGGLE]","[TOGGLE]","[UMSCHALTEN]","[TOGGLE]","[TOGGLE]","[TOGGLE]","[TOGGLE]","[TOGGLE]","[TOGGLE]","[TOGGLE]","[TOGGLE]","[TOGGLE]","[TOGGLE]",
"STR_DME_TASKS_NOTIF_ABANDONED","Quest abandoned","Quest abandoned","Quest abandoned","Quest abgebrochen","Quest abandoned","Quest abandoned","Quest abandoned","Quest abandoned","Quest abandoned","Quest abandoned","Quest abandoned","Quest abandoned","Quest abandoned","Quest abandoned",
"STR_DME_TASKS_NOTIF_ACCEPTED","Quest accepted","Quest accepted","Quest accepted","Quest angenommen","Quest accepted","Quest accepted","Quest accepted","Quest accepted","Quest accepted","Quest accepted","Quest accepted","Quest accepted","Quest accepted","Quest accepted",
"STR_DME_TASKS_NOTIF_ALL_OBJECTIVES_DONE","All objectives completed — turn in the quest at the trader","All objectives completed — turn in the quest at the trader","All objectives completed — turn in the quest at the trader","Alle Ziele erfüllt — Quest beim Händler abgeben","All objectives completed — turn in the quest at the trader","All objectives completed — turn in the quest at the trader","All objectives completed — turn in the quest at the trader","All objectives completed — turn in the quest at the trader","All objectives completed — turn in the quest at the trader","All objectives completed — turn in the quest at the trader","All objectives completed — turn in the quest at the trader","All objectives completed — turn in the quest at the trader","All objectives completed — turn in the quest at the trader","All objectives completed — turn in the quest at the trader",
"STR_DME_TASKS_NOTIF_ALREADY_ACTIVE","Quest is already active","Quest is already active","Quest is already active","Quest ist bereits aktiv","Quest is already active","Quest is already active","Quest is already active","Quest is already active","Quest is already active","Quest is already active","Quest is already active","Quest is already active","Quest is already active","Quest is already active",
"STR_DME_TASKS_NOTIF_CHOICE_ALREADY_MADE","Decision has already been made","Decision has already been made","Decision has already been made","Entscheidung wurde bereits getroffen","Decision has already been made","Decision has already been made","Decision has already been made","Decision has already been made","Decision has already been made","Decision has already been made","Decision has already been made","Decision has already been made","Decision has already been made","Decision has already been made",
"STR_DME_TASKS_NOTIF_CHOICE_MADE","Decision made: %1","Decision made: %1","Decision made: %1","Entscheidung getroffen: %1","Decision made: %1","Decision made: %1","Decision made: %1","Decision made: %1","Decision made: %1","Decision made: %1","Decision made: %1","Decision made: %1","Decision made: %1","Decision made: %1",
"STR_DME_TASKS_NOTIF_CHOICE_UNAVAILABLE","Decision is currently not possible","Decision is currently not possible","Decision is currently not possible","Entscheidung derzeit nicht möglich","Decision is currently not possible","Decision is currently not possible","Decision is currently not possible","Decision is currently not possible","Decision is currently not possible","Decision is currently not possible","Decision is currently not possible","Decision is currently not possible","Decision is currently not possible","Decision is currently not possible",
"STR_DME_TASKS_NOTIF_COMPLETED","Quest completed — reward received","Quest completed — reward received","Quest completed — reward received","Quest abgeschlossen — Belohnung erhalten","Quest completed — reward received","Quest completed — reward received","Quest completed — reward received","Quest completed — reward received","Quest completed — reward received","Quest completed — reward received","Quest completed — reward received","Quest completed — reward received","Quest completed — reward received","Quest completed — reward received",
"STR_DME_TASKS_NOTIF_EXPIRED","Time limit expired — quest failed","Time limit expired — quest failed","Time limit expired — quest failed","Zeitlimit abgelaufen — Quest fehlgeschlagen","Time limit expired — quest failed","Time limit expired — quest failed","Time limit expired — quest failed","Time limit expired — quest failed","Time limit expired — quest failed","Time limit expired — quest failed","Time limit expired — quest failed","Time limit expired — quest failed","Time limit expired — quest failed","Time limit expired — quest failed",
"STR_DME_TASKS_NOTIF_EXTRACT_ABORTED","Extraction aborted — left the extraction zone","Extraction aborted — left the extraction zone","Extraction aborted — left the extraction zone","Extraktion abgebrochen — Extraktionszone verlassen","Extraction aborted — left the extraction zone","Extraction aborted — left the extraction zone","Extraction aborted — left the extraction zone","Extraction aborted — left the extraction zone","Extraction aborted — left the extraction zone","Extraction aborted — left the extraction zone","Extraction aborted — left the extraction zone","Extraction aborted — left the extraction zone","Extraction aborted — left the extraction zone","Extraction aborted — left the extraction zone",
"STR_DME_TASKS_NOTIF_EXTRACT_RUNNING","Extraction in progress (%1 s)","Extraction in progress (%1 s)","Extraction in progress (%1 s)","Extraktion läuft (%1 s)","Extraction in progress (%1 s)","Extraction in progress (%1 s)","Extraction in progress (%1 s)","Extraction in progress (%1 s)","Extraction in progress (%1 s)","Extraction in progress (%1 s)","Extraction in progress (%1 s)","Extraction in progress (%1 s)","Extraction in progress (%1 s)","Extraction in progress (%1 s)",
"STR_DME_TASKS_NOTIF_EXTRACT_SUCCESS","Extraction successful","Extraction successful","Extraction successful","Extraktion erfolgreich","Extraction successful","Extraction successful","Extraction successful","Extraction successful","Extraction successful","Extraction successful","Extraction successful","Extraction successful","Extraction successful","Extraction successful",
"STR_DME_TASKS_NOTIF_FACTION_CHANGE_WARNING","Faction changed to %1 — faction quests will fail","Faction changed to %1 — faction quests will fail","Faction changed to %1 — faction quests will fail","Fraktionswechsel zu %1 — Fraktionsquests schlagen fehl","Faction changed to %1 — faction quests will fail","Faction changed to %1 — faction quests will fail","Faction changed to %1 — faction quests will fail","Faction changed to %1 — faction quests will fail","Faction changed to %1 — faction quests will fail","Faction changed to %1 — faction quests will fail","Faction changed to %1 — faction quests will fail","Faction changed to %1 — faction quests will fail","Faction changed to %1 — faction quests will fail","Faction changed to %1 — faction quests will fail",
"STR_DME_TASKS_NOTIF_FAILED","Quest failed","Quest failed","Quest failed","Quest fehlgeschlagen","Quest failed","Quest failed","Quest failed","Quest failed","Quest failed","Quest failed","Quest failed","Quest failed","Quest failed","Quest failed",
"STR_DME_TASKS_NOTIF_FAILED_REASON","Quest failed: %1","Quest failed: %1","Quest failed: %1","Quest fehlgeschlagen: %1","Quest failed: %1","Quest failed: %1","Quest failed: %1","Quest failed: %1","Quest failed: %1","Quest failed: %1","Quest failed: %1","Quest failed: %1","Quest failed: %1","Quest failed: %1",
"STR_DME_TASKS_NOTIF_HANDOVER_RESULT","Handed over: %1 — Required: %2 — Remaining: %3","Handed over: %1 — Required: %2 — Remaining: %3","Handed over: %1 — Required: %2 — Remaining: %3","Abgegeben: %1 — Benötigt: %2 — Verbleibend: %3","Handed over: %1 — Required: %2 — Remaining: %3","Handed over: %1 — Required: %2 — Remaining: %3","Handed over: %1 — Required: %2 — Remaining: %3","Handed over: %1 — Required: %2 — Remaining: %3","Handed over: %1 — Required: %2 — Remaining: %3","Handed over: %1 — Required: %2 — Remaining: %3","Handed over: %1 — Required: %2 — Remaining: %3","Handed over: %1 — Required: %2 — Remaining: %3","Handed over: %1 — Required: %2 — Remaining: %3","Handed over: %1 — Required: %2 — Remaining: %3",
"STR_DME_TASKS_NOTIF_NOTHING_TO_HANDOVER","Nothing to hand over","Nothing to hand over","Nothing to hand over","Nichts abzugeben","Nothing to hand over","Nothing to hand over","Nothing to hand over","Nothing to hand over","Nothing to hand over","Nothing to hand over","Nothing to hand over","Nothing to hand over","Nothing to hand over","Nothing to hand over",
"STR_DME_TASKS_NOTIF_NOT_ACTIVE","Quest is not active","Quest is not active","Quest is not active","Quest ist nicht aktiv","Quest is not active","Quest is not active","Quest is not active","Quest is not active","Quest is not active","Quest is not active","Quest is not active","Quest is not active","Quest is not active","Quest is not active",
"STR_DME_TASKS_NOTIF_NOT_AT_HANDOVER_LOCATION","You are not at the hand-over location","You are not at the hand-over location","You are not at the hand-over location","Du bist nicht am Abgabeort","You are not at the hand-over location","You are not at the hand-over location","You are not at the hand-over location","You are not at the hand-over location","You are not at the hand-over location","You are not at the hand-over location","You are not at the hand-over location","You are not at the hand-over location","You are not at the hand-over location","You are not at the hand-over location",
"STR_DME_TASKS_NOTIF_NOT_READY","Quest is not ready to turn in yet","Quest is not ready to turn in yet","Quest is not ready to turn in yet","Quest ist noch nicht bereit zur Abgabe","Quest is not ready to turn in yet","Quest is not ready to turn in yet","Quest is not ready to turn in yet","Quest is not ready to turn in yet","Quest is not ready to turn in yet","Quest is not ready to turn in yet","Quest is not ready to turn in yet","Quest is not ready to turn in yet","Quest is not ready to turn in yet","Quest is not ready to turn in yet",
"STR_DME_TASKS_NOTIF_NO_MATCHING_ITEMS","No matching items in inventory","No matching items in inventory","No matching items in inventory","Keine passenden Gegenstände im Inventar","No matching items in inventory","No matching items in inventory","No matching items in inventory","No matching items in inventory","No matching items in inventory","No matching items in inventory","No matching items in inventory","No matching items in inventory","No matching items in inventory","No matching items in inventory",
"STR_DME_TASKS_NOTIF_OBJECTIVES_INCOMPLETE","Not all objectives completed yet","Not all objectives completed yet","Not all objectives completed yet","Noch nicht alle Ziele erfüllt","Not all objectives completed yet","Not all objectives completed yet","Not all objectives completed yet","Not all objectives completed yet","Not all objectives completed yet","Not all objectives completed yet","Not all objectives completed yet","Not all objectives completed yet","Not all objectives completed yet","Not all objectives completed yet",
"STR_DME_TASKS_NOTIF_PARTIAL_NOT_ALLOWED","Partial hand-over not allowed — required: %1, available: %2","Partial hand-over not allowed — required: %1, available: %2","Partial hand-over not allowed — required: %1, available: %2","Teilabgabe nicht erlaubt — benötigt: %1, vorhanden: %2","Partial hand-over not allowed — required: %1, available: %2","Partial hand-over not allowed — required: %1, available: %2","Partial hand-over not allowed — required: %1, available: %2","Partial hand-over not allowed — required: %1, available: %2","Partial hand-over not allowed — required: %1, available: %2","Partial hand-over not allowed — required: %1, available: %2","Partial hand-over not allowed — required: %1, available: %2","Partial hand-over not allowed — required: %1, available: %2","Partial hand-over not allowed — required: %1, available: %2","Partial hand-over not allowed — required: %1, available: %2",
"STR_DME_TASKS_NOTIF_READY_TURNIN","Ready to turn in — reward can be claimed","Ready to turn in — reward can be claimed","Ready to turn in — reward can be claimed","Bereit zur Abgabe — Belohnung kann abgeholt werden","Ready to turn in — reward can be claimed","Ready to turn in — reward can be claimed","Ready to turn in — reward can be claimed","Ready to turn in — reward can be claimed","Ready to turn in — reward can be claimed","Ready to turn in — reward can be claimed","Ready to turn in — reward can be claimed","Ready to turn in — reward can be claimed","Ready to turn in — reward can be claimed","Ready to turn in — reward can be claimed",
"STR_DME_TASKS_NOTIF_REASON_COMBAT_LOGOUT","Combat logout","Combat logout","Combat logout","Combat-Logout","Combat logout","Combat logout","Combat logout","Combat logout","Combat logout","Combat logout","Combat logout","Combat logout","Combat logout","Combat logout",
"STR_DME_TASKS_NOTIF_REASON_DIED","You died","You died","You died","Du bist gestorben","You died","You died","You died","You died","You died","You died","You died","You died","You died","You died",
"STR_DME_TASKS_NOTIF_REASON_EXPEDITION_DEATH","Died during expedition","Died during expedition","Died during expedition","Tod in Expedition","Died during expedition","Died during expedition","Died during expedition","Died during expedition","Died during expedition","Died during expedition","Died during expedition","Died during expedition","Died during expedition","Died during expedition",
"STR_DME_TASKS_NOTIF_REASON_FACTION_CHANGED","Faction changed","Faction changed","Faction changed","Fraktion gewechselt","Faction changed","Faction changed","Faction changed","Faction changed","Faction changed","Faction changed","Faction changed","Faction changed","Faction changed","Faction changed",
"STR_DME_TASKS_NOTIF_REASON_REPLACED","Replaced by a new task","Replaced by a new task","Replaced by a new task","Durch neuen Auftrag ersetzt","Replaced by a new task","Replaced by a new task","Replaced by a new task","Replaced by a new task","Replaced by a new task","Replaced by a new task","Replaced by a new task","Replaced by a new task","Replaced by a new task","Replaced by a new task",
"STR_DME_TASKS_NOTIF_REPLACE_UNAVAILABLE","Replacing is currently not possible","Replacing is currently not possible","Replacing is currently not possible","Ersetzen derzeit nicht möglich","Replacing is currently not possible","Replacing is currently not possible","Replacing is currently not possible","Replacing is currently not possible","Replacing is currently not possible","Replacing is currently not possible","Replacing is currently not possible","Replacing is currently not possible","Replacing is currently not possible","Replacing is currently not possible",
"STR_DME_TASKS_NOTIF_REWARD_FAILED","Reward could not be paid out — please try again","Reward could not be paid out — please try again","Reward could not be paid out — please try again","Belohnung konnte nicht ausgezahlt werden — bitte erneut versuchen","Reward could not be paid out — please try again","Reward could not be paid out — please try again","Reward could not be paid out — please try again","Reward could not be paid out — please try again","Reward could not be paid out — please try again","Reward could not be paid out — please try again","Reward could not be paid out — please try again","Reward could not be paid out — please try again","Reward could not be paid out — please try again","Reward could not be paid out — please try again",
"STR_DME_TASKS_NOTIF_REWARD_ITEMS","+%1 items","+%1 items","+%1 items","+%1 Gegenstände","+%1 items","+%1 items","+%1 items","+%1 items","+%1 items","+%1 items","+%1 items","+%1 items","+%1 items","+%1 items",
"STR_DME_TASKS_NOTIF_REWARD_RECEIVED","Reward received","Reward received","Reward received","Belohnung erhalten","Reward received","Reward received","Reward received","Reward received","Reward received","Reward received","Reward received","Reward received","Reward received","Reward received",
"STR_DME_TASKS_NOTIF_REWARD_REPUTATION","%1 reputation","%1 reputation","%1 reputation","%1 Reputation","%1 reputation","%1 reputation","%1 reputation","%1 reputation","%1 reputation","%1 reputation","%1 reputation","%1 reputation","%1 reputation","%1 reputation",
"STR_DME_TASKS_NOTIF_REWARD_RUBLES","+%1 rubles","+%1 rubles","+%1 rubles","+%1 Rubel","+%1 rubles","+%1 rubles","+%1 rubles","+%1 rubles","+%1 rubles","+%1 rubles","+%1 rubles","+%1 rubles","+%1 rubles","+%1 rubles",
"STR_DME_TASKS_NOTIF_REWARD_SEASON_XP","+%1 season XP","+%1 season XP","+%1 season XP","+%1 Season-XP","+%1 season XP","+%1 season XP","+%1 season XP","+%1 season XP","+%1 season XP","+%1 season XP","+%1 season XP","+%1 season XP","+%1 season XP","+%1 season XP",
"STR_DME_TASKS_NOTIF_REWARD_SKILLPOINTS","+%1 skill points","+%1 skill points","+%1 skill points","+%1 Skillpunkte","+%1 skill points","+%1 skill points","+%1 skill points","+%1 skill points","+%1 skill points","+%1 skill points","+%1 skill points","+%1 skill points","+%1 skill points","+%1 skill points",
"STR_DME_TASKS_NOTIF_REWARD_XP","+%1 XP","+%1 XP","+%1 XP","+%1 XP","+%1 XP","+%1 XP","+%1 XP","+%1 XP","+%1 XP","+%1 XP","+%1 XP","+%1 XP","+%1 XP","+%1 XP",
"STR_DME_TASKS_NOTIF_TASK_REPLACED","Task replaced","Task replaced","Task replaced","Auftrag ersetzt","Task replaced","Task replaced","Task replaced","Task replaced","Task replaced","Task replaced","Task replaced","Task replaced","Task replaced","Task replaced",
"STR_DME_TASKS_NOTIF_TITLE_CHOICE","Decision","Decision","Decision","Entscheidung","Decision","Decision","Decision","Decision","Decision","Decision","Decision","Decision","Decision","Decision",
"STR_DME_TASKS_NOTIF_TITLE_DAILY","Daily Task","Daily Task","Daily Task","Tagesauftrag","Daily Task","Daily Task","Daily Task","Daily Task","Daily Task","Daily Task","Daily Task","Daily Task","Daily Task","Daily Task",
"STR_DME_TASKS_NOTIF_TITLE_FACTION","Faction","Faction","Faction","Fraktion","Faction","Faction","Faction","Faction","Faction","Faction","Faction","Faction","Faction","Faction",
"STR_DME_TASKS_NOTIF_TITLE_QUEST","Quest","Quest","Quest","Quest","Quest","Quest","Quest","Quest","Quest","Quest","Quest","Quest","Quest","Quest",
"STR_DME_TASKS_NOTIF_TITLE_REWARD","REWARD","REWARD","REWARD","BELOHNUNG","REWARD","REWARD","REWARD","REWARD","REWARD","REWARD","REWARD","REWARD","REWARD","REWARD",
"STR_DME_TASKS_NOTIF_UNKNOWN_CHOICE","Unknown decision","Unknown decision","Unknown decision","Unbekannte Entscheidung","Unknown decision","Unknown decision","Unknown decision","Unknown decision","Unknown decision","Unknown decision","Unknown decision","Unknown decision","Unknown decision","Unknown decision",
"STR_DME_TASKS_NOTIF_UNKNOWN_QUEST","Unknown quest","Unknown quest","Unknown quest","Unbekannte Quest","Unknown quest","Unknown quest","Unknown quest","Unknown quest","Unknown quest","Unknown quest","Unknown quest","Unknown quest","Unknown quest","Unknown quest",
"STR_DME_TASKS_OBJ_BOSS","Kill the boss","Kill the boss","Kill the boss","Boss töten","Kill the boss","Kill the boss","Kill the boss","Kill the boss","Kill the boss","Kill the boss","Kill the boss","Kill the boss","Kill the boss","Kill the boss",
"STR_DME_TASKS_OBJ_COLLECT","Collect items","Collect items","Collect items","Gegenstände sammeln","Collect items","Collect items","Collect items","Collect items","Collect items","Collect items","Collect items","Collect items","Collect items","Collect items",
"STR_DME_TASKS_OBJ_CRAFT","Craft items","Craft items","Craft items","Gegenstände herstellen","Craft items","Craft items","Craft items","Craft items","Craft items","Craft items","Craft items","Craft items","Craft items","Craft items",
"STR_DME_TASKS_OBJ_DEFEND","Defend the area","Defend the area","Defend the area","Gebiet verteidigen","Defend the area","Defend the area","Defend the area","Defend the area","Defend the area","Defend the area","Defend the area","Defend the area","Defend the area","Defend the area",
"STR_DME_TASKS_OBJ_DELIVER","Deliver items","Deliver items","Deliver items","Gegenstände liefern","Deliver items","Deliver items","Deliver items","Deliver items","Deliver items","Deliver items","Deliver items","Deliver items","Deliver items","Deliver items",
"STR_DME_TASKS_OBJ_DISCOVER","Discover the location","Discover the location","Discover the location","Ort entdecken","Discover the location","Discover the location","Discover the location","Discover the location","Discover the location","Discover the location","Discover the location","Discover the location","Discover the location","Discover the location",
"STR_DME_TASKS_OBJ_ESCORT","Escort the target","Escort the target","Escort the target","Ziel eskortieren","Escort the target","Escort the target","Escort the target","Escort the target","Escort the target","Escort the target","Escort the target","Escort the target","Escort the target","Escort the target",
"STR_DME_TASKS_OBJ_EXTRACT","Extract","Extract","Extract","Extrahieren","Extract","Extract","Extract","Extract","Extract","Extract","Extract","Extract","Extract","Extract",
"STR_DME_TASKS_OBJ_GROUP","Complete the group objective","Complete the group objective","Complete the group objective","Gruppenziel erfüllen","Complete the group objective","Complete the group objective","Complete the group objective","Complete the group objective","Complete the group objective","Complete the group objective","Complete the group objective","Complete the group objective","Complete the group objective","Complete the group objective",
"STR_DME_TASKS_OBJ_HANDOVER","Hand over items","Hand over items","Hand over items","Gegenstände übergeben","Hand over items","Hand over items","Hand over items","Hand over items","Hand over items","Hand over items","Hand over items","Hand over items","Hand over items","Hand over items",
"STR_DME_TASKS_OBJ_INTERACT","Interact with the target","Interact with the target","Interact with the target","Mit dem Ziel interagieren","Interact with the target","Interact with the target","Interact with the target","Interact with the target","Interact with the target","Interact with the target","Interact with the target","Interact with the target","Interact with the target","Interact with the target",
"STR_DME_TASKS_OBJ_KILL","Kill targets","Kill targets","Kill targets","Ziele töten","Kill targets","Kill targets","Kill targets","Kill targets","Kill targets","Kill targets","Kill targets","Kill targets","Kill targets","Kill targets",
"STR_DME_TASKS_OBJ_MARK","Mark the target","Mark the target","Mark the target","Ziel markieren","Mark the target","Mark the target","Mark the target","Mark the target","Mark the target","Mark the target","Mark the target","Mark the target","Mark the target","Mark the target",
"STR_DME_TASKS_OBJ_RETURN_TO_TRADER","Return to trader","Return to trader","Return to trader","Zum Händler zurückkehren","Return to trader","Return to trader","Return to trader","Return to trader","Return to trader","Return to trader","Return to trader","Return to trader","Return to trader","Return to trader",
"STR_DME_TASKS_OBJ_SIGNAL","Send the signal","Send the signal","Send the signal","Signal absetzen","Send the signal","Send the signal","Send the signal","Send the signal","Send the signal","Send the signal","Send the signal","Send the signal","Send the signal","Send the signal",
"STR_DME_TASKS_OBJ_STASH","Stash items","Stash items","Stash items","Gegenstände verstecken","Stash items","Stash items","Stash items","Stash items","Stash items","Stash items","Stash items","Stash items","Stash items","Stash items",
"STR_DME_TASKS_OBJ_SURVIVE","Survive","Survive","Survive","Überleben","Survive","Survive","Survive","Survive","Survive","Survive","Survive","Survive","Survive","Survive",
"STR_DME_TASKS_OBJ_TRAVEL","Reach the area","Reach the area","Reach the area","Gebiet erreichen","Reach the area","Reach the area","Reach the area","Reach the area","Reach the area","Reach the area","Reach the area","Reach the area","Reach the area","Reach the area",
"STR_DME_TASKS_OBJ_USE_ITEM","Use item","Use item","Use item","Gegenstand benutzen","Use item","Use item","Use item","Use item","Use item","Use item","Use item","Use item","Use item","Use item",
"STR_DME_TASKS_ORIGIN_ADMIN_SPAWN","Admin spawned","Admin spawned","Admin spawned","Von Admin erstellt","Admin spawned","Admin spawned","Admin spawned","Admin spawned","Admin spawned","Admin spawned","Admin spawned","Admin spawned","Admin spawned","Admin spawned",
"STR_DME_TASKS_ORIGIN_AI_DROP","Looted from AI","Looted from AI","Looted from AI","Von KI erbeutet","Looted from AI","Looted from AI","Looted from AI","Looted from AI","Looted from AI","Looted from AI","Looted from AI","Looted from AI","Looted from AI","Looted from AI",
"STR_DME_TASKS_ORIGIN_BOSS_DROP","Boss drop","Boss drop","Boss drop","Boss-Beute","Boss drop","Boss drop","Boss drop","Boss drop","Boss drop","Boss drop","Boss drop","Boss drop","Boss drop","Boss drop",
"STR_DME_TASKS_ORIGIN_CRAFTED","Crafted","Crafted","Crafted","Hergestellt","Crafted","Crafted","Crafted","Crafted","Crafted","Crafted","Crafted","Crafted","Crafted","Crafted",
"STR_DME_TASKS_ORIGIN_EVENT_REWARD","Event reward","Event reward","Event reward","Event-Belohnung","Event reward","Event reward","Event reward","Event reward","Event reward","Event reward","Event reward","Event reward","Event reward","Event reward",
"STR_DME_TASKS_ORIGIN_INFECTED_DROP","Looted from infected","Looted from infected","Looted from infected","Von Infizierten erbeutet","Looted from infected","Looted from infected","Looted from infected","Looted from infected","Looted from infected","Looted from infected","Looted from infected","Looted from infected","Looted from infected","Looted from infected",
"STR_DME_TASKS_ORIGIN_PLAYER_TRADE","Traded from player","Traded from player","Traded from player","Von Spieler erhalten","Traded from player","Traded from player","Traded from player","Traded from player","Traded from player","Traded from player","Traded from player","Traded from player","Traded from player","Traded from player",
"STR_DME_TASKS_ORIGIN_QUEST_REWARD","Quest reward","Quest reward","Quest reward","Quest-Belohnung","Quest reward","Quest reward","Quest reward","Quest reward","Quest reward","Quest reward","Quest reward","Quest reward","Quest reward","Quest reward",
"STR_DME_TASKS_ORIGIN_TRADER_PURCHASE","Bought from trader","Bought from trader","Bought from trader","Beim Händler gekauft","Bought from trader","Bought from trader","Bought from trader","Bought from trader","Bought from trader","Bought from trader","Bought from trader","Bought from trader","Bought from trader","Bought from trader",
"STR_DME_TASKS_ORIGIN_UNKNOWN","Unknown","Unknown","Unknown","Unbekannt","Unknown","Unknown","Unknown","Unknown","Unknown","Unknown","Unknown","Unknown","Unknown","Unknown",
"STR_DME_TASKS_ORIGIN_WORLD_LOOT","Found in world","Found in world","Found in world","In der Welt gefunden","Found in world","Found in world","Found in world","Found in world","Found in world","Found in world","Found in world","Found in world","Found in world","Found in world",
"STR_DME_TASKS_SEED_TRADER_WEST","Quartermaster Rask","Quartermaster Rask","Quartermaster Rask","Quartiermeister Rask","Quartermaster Rask","Quartermaster Rask","Quartermaster Rask","Quartermaster Rask","Quartermaster Rask","Quartermaster Rask","Quartermaster Rask","Quartermaster Rask","Quartermaster Rask","Quartermaster Rask",
"STR_DME_TASKS_SEED_W001_DESC","Rask needs eyes in the west: find the abandoned military camp in the mountains near Myshkino and take a look around. (Zone coordinates are Chernarus example values for the Myshkino military camp, approx. X 2035 / Z 7295 — adjust them to your own map before going live.)","Rask needs eyes in the west: find the abandoned military camp in the mountains near Myshkino and take a look around. (Zone coordinates are Chernarus example values for the Myshkino military camp, approx. X 2035 / Z 7295 — adjust them to your own map before going live.)","Rask needs eyes in the west: find the abandoned military camp in the mountains near Myshkino and take a look around. (Zone coordinates are Chernarus example values for the Myshkino military camp, approx. X 2035 / Z 7295 — adjust them to your own map before going live.)","Rask braucht Augen im Westen: Finde das verlassene Militärlager in den Bergen bei Myshkino und sieh dich dort um. (Zonen-Koordinaten sind Chernarus-Beispielwerte für das Myshkino-Militärlager, ca. X 2035 / Z 7295 — vor Livegang an die eigene Karte anpassen.)","Rask needs eyes in the west: find the abandoned military camp in the mountains near Myshkino and take a look around. (Zone coordinates are Chernarus example values for the Myshkino military camp, approx. X 2035 / Z 7295 — adjust them to your own map before going live.)","Rask needs eyes in the west: find the abandoned military camp in the mountains near Myshkino and take a look around. (Zone coordinates are Chernarus example values for the Myshkino military camp, approx. X 2035 / Z 7295 — adjust them to your own map before going live.)","Rask needs eyes in the west: find the abandoned military camp in the mountains near Myshkino and take a look around. (Zone coordinates are Chernarus example values for the Myshkino military camp, approx. X 2035 / Z 7295 — adjust them to your own map before going live.)","Rask needs eyes in the west: find the abandoned military camp in the mountains near Myshkino and take a look around. (Zone coordinates are Chernarus example values for the Myshkino military camp, approx. X 2035 / Z 7295 — adjust them to your own map before going live.)","Rask needs eyes in the west: find the abandoned military camp in the mountains near Myshkino and take a look around. (Zone coordinates are Chernarus example values for the Myshkino military camp, approx. X 2035 / Z 7295 — adjust them to your own map before going live.)","Rask needs eyes in the west: find the abandoned military camp in the mountains near Myshkino and take a look around. (Zone coordinates are Chernarus example values for the Myshkino military camp, approx. X 2035 / Z 7295 — adjust them to your own map before going live.)","Rask needs eyes in the west: find the abandoned military camp in the mountains near Myshkino and take a look around. (Zone coordinates are Chernarus example values for the Myshkino military camp, approx. X 2035 / Z 7295 — adjust them to your own map before going live.)","Rask needs eyes in the west: find the abandoned military camp in the mountains near Myshkino and take a look around. (Zone coordinates are Chernarus example values for the Myshkino military camp, approx. X 2035 / Z 7295 — adjust them to your own map before going live.)","Rask needs eyes in the west: find the abandoned military camp in the mountains near Myshkino and take a look around. (Zone coordinates are Chernarus example values for the Myshkino military camp, approx. X 2035 / Z 7295 — adjust them to your own map before going live.)","Rask needs eyes in the west: find the abandoned military camp in the mountains near Myshkino and take a look around. (Zone coordinates are Chernarus example values for the Myshkino military camp, approx. X 2035 / Z 7295 — adjust them to your own map before going live.)",
"STR_DME_TASKS_SEED_W001_TITLE","Scout the Outpost","Scout the Outpost","Scout the Outpost","Vorposten aufklären","Scout the Outpost","Scout the Outpost","Scout the Outpost","Scout the Outpost","Scout the Outpost","Scout the Outpost","Scout the Outpost","Scout the Outpost","Scout the Outpost","Scout the Outpost",
"STR_DME_TASKS_SEED_W002_DESC","The camp is crawling with infected. Kill five of them inside the camp perimeter — kills outside the zone do not count.","The camp is crawling with infected. Kill five of them inside the camp perimeter — kills outside the zone do not count.","The camp is crawling with infected. Kill five of them inside the camp perimeter — kills outside the zone do not count.","Das Lager wimmelt von Infizierten. Töte fünf von ihnen innerhalb des Lagerbereichs — Kills außerhalb der Zone zählen nicht.","The camp is crawling with infected. Kill five of them inside the camp perimeter — kills outside the zone do not count.","The camp is crawling with infected. Kill five of them inside the camp perimeter — kills outside the zone do not count.","The camp is crawling with infected. Kill five of them inside the camp perimeter — kills outside the zone do not count.","The camp is crawling with infected. Kill five of them inside the camp perimeter — kills outside the zone do not count.","The camp is crawling with infected. Kill five of them inside the camp perimeter — kills outside the zone do not count.","The camp is crawling with infected. Kill five of them inside the camp perimeter — kills outside the zone do not count.","The camp is crawling with infected. Kill five of them inside the camp perimeter — kills outside the zone do not count.","The camp is crawling with infected. Kill five of them inside the camp perimeter — kills outside the zone do not count.","The camp is crawling with infected. Kill five of them inside the camp perimeter — kills outside the zone do not count.","The camp is crawling with infected. Kill five of them inside the camp perimeter — kills outside the zone do not count.",
"STR_DME_TASKS_SEED_W002_TITLE","Clear the Camp","Clear the Camp","Clear the Camp","Das Lager säubern","Clear the Camp","Clear the Camp","Clear the Camp","Clear the Camp","Clear the Camp","Clear the Camp","Clear the Camp","Clear the Camp","Clear the Camp","Clear the Camp",
"STR_DME_TASKS_SEED_W003_DESC","Our stocks are dry. Find three ammo boxes (5.45x39) out in the world. I will not accept boxes that were bought, crafted or handed out as rewards.","Our stocks are dry. Find three ammo boxes (5.45x39) out in the world. I will not accept boxes that were bought, crafted or handed out as rewards.","Our stocks are dry. Find three ammo boxes (5.45x39) out in the world. I will not accept boxes that were bought, crafted or handed out as rewards.","Unsere Bestände sind leer. Finde drei Munitionskisten (5,45x39) draußen in der Welt. Gekaufte, gecraftete oder als Belohnung erhaltene Kisten akzeptiere ich nicht.","Our stocks are dry. Find three ammo boxes (5.45x39) out in the world. I will not accept boxes that were bought, crafted or handed out as rewards.","Our stocks are dry. Find three ammo boxes (5.45x39) out in the world. I will not accept boxes that were bought, crafted or handed out as rewards.","Our stocks are dry. Find three ammo boxes (5.45x39) out in the world. I will not accept boxes that were bought, crafted or handed out as rewards.","Our stocks are dry. Find three ammo boxes (5.45x39) out in the world. I will not accept boxes that were bought, crafted or handed out as rewards.","Our stocks are dry. Find three ammo boxes (5.45x39) out in the world. I will not accept boxes that were bought, crafted or handed out as rewards.","Our stocks are dry. Find three ammo boxes (5.45x39) out in the world. I will not accept boxes that were bought, crafted or handed out as rewards.","Our stocks are dry. Find three ammo boxes (5.45x39) out in the world. I will not accept boxes that were bought, crafted or handed out as rewards.","Our stocks are dry. Find three ammo boxes (5.45x39) out in the world. I will not accept boxes that were bought, crafted or handed out as rewards.","Our stocks are dry. Find three ammo boxes (5.45x39) out in the world. I will not accept boxes that were bought, crafted or handed out as rewards.","Our stocks are dry. Find three ammo boxes (5.45x39) out in the world. I will not accept boxes that were bought, crafted or handed out as rewards.",
"STR_DME_TASKS_SEED_W003_TITLE","Procure Ammunition","Procure Ammunition","Procure Ammunition","Munition beschaffen","Procure Ammunition","Procure Ammunition","Procure Ammunition","Procure Ammunition","Procure Ammunition","Procure Ammunition","Procure Ammunition","Procure Ammunition","Procure Ammunition","Procure Ammunition",
"STR_DME_TASKS_SEED_W004_DESC","Bring me the three ammo boxes. I accept partial deliveries — just come back once you have the rest. Boxes from your haul count the moment you accept the contract.","Bring me the three ammo boxes. I accept partial deliveries — just come back once you have the rest. Boxes from your haul count the moment you accept the contract.","Bring me the three ammo boxes. I accept partial deliveries — just come back once you have the rest. Boxes from your haul count the moment you accept the contract.","Bring mir die drei Munitionskisten. Teilabgaben nehme ich an — komm einfach wieder, sobald du den Rest hast. Kisten aus deinem Fund zählen sofort beim Annehmen des Auftrags.","Bring me the three ammo boxes. I accept partial deliveries — just come back once you have the rest. Boxes from your haul count the moment you accept the contract.","Bring me the three ammo boxes. I accept partial deliveries — just come back once you have the rest. Boxes from your haul count the moment you accept the contract.","Bring me the three ammo boxes. I accept partial deliveries — just come back once you have the rest. Boxes from your haul count the moment you accept the contract.","Bring me the three ammo boxes. I accept partial deliveries — just come back once you have the rest. Boxes from your haul count the moment you accept the contract.","Bring me the three ammo boxes. I accept partial deliveries — just come back once you have the rest. Boxes from your haul count the moment you accept the contract.","Bring me the three ammo boxes. I accept partial deliveries — just come back once you have the rest. Boxes from your haul count the moment you accept the contract.","Bring me the three ammo boxes. I accept partial deliveries — just come back once you have the rest. Boxes from your haul count the moment you accept the contract.","Bring me the three ammo boxes. I accept partial deliveries — just come back once you have the rest. Boxes from your haul count the moment you accept the contract.","Bring me the three ammo boxes. I accept partial deliveries — just come back once you have the rest. Boxes from your haul count the moment you accept the contract.","Bring me the three ammo boxes. I accept partial deliveries — just come back once you have the rest. Boxes from your haul count the moment you accept the contract.",
"STR_DME_TASKS_SEED_W004_TITLE","Deliver the Ammunition","Deliver the Ammunition","Deliver the Ammunition","Munition abliefern","Deliver the Ammunition","Deliver the Ammunition","Deliver the Ammunition","Deliver the Ammunition","Deliver the Ammunition","Deliver the Ammunition","Deliver the Ammunition","Deliver the Ammunition","Deliver the Ammunition","Deliver the Ammunition",
"STR_DME_TASKS_SEED_W005_DESC","The leader of the patrol in the camp carries intel I need. Take him out, search the camp for his GPS device and bring it to me as proof. (Without a boss mod, any patrol infected counts as the commander — with an active boss adapter, Integrations/Bosses.json maps a class name to the BossId camp_commander.)","The leader of the patrol in the camp carries intel I need. Take him out, search the camp for his GPS device and bring it to me as proof. (Without a boss mod, any patrol infected counts as the commander — with an active boss adapter, Integrations/Bosses.json maps a class name to the BossId camp_commander.)","The leader of the patrol in the camp carries intel I need. Take him out, search the camp for his GPS device and bring it to me as proof. (Without a boss mod, any patrol infected counts as the commander — with an active boss adapter, Integrations/Bosses.json maps a class name to the BossId camp_commander.)","Der Anführer der Patrouille im Lager trägt Informationen bei sich, die ich brauche. Schalte ihn aus, such im Lager nach seinem GPS-Gerät und bring es mir als Beweis. (Ohne Boss-Mod zählt jeder Patrouillen-Infizierte als Kommandant — mit aktivem Boss-Adapter mappt Integrations/Bosses.json einen Klassennamen auf die BossId camp_commander.)","The leader of the patrol in the camp carries intel I need. Take him out, search the camp for his GPS device and bring it to me as proof. (Without a boss mod, any patrol infected counts as the commander — with an active boss adapter, Integrations/Bosses.json maps a class name to the BossId camp_commander.)","The leader of the patrol in the camp carries intel I need. Take him out, search the camp for his GPS device and bring it to me as proof. (Without a boss mod, any patrol infected counts as the commander — with an active boss adapter, Integrations/Bosses.json maps a class name to the BossId camp_commander.)","The leader of the patrol in the camp carries intel I need. Take him out, search the camp for his GPS device and bring it to me as proof. (Without a boss mod, any patrol infected counts as the commander — with an active boss adapter, Integrations/Bosses.json maps a class name to the BossId camp_commander.)","The leader of the patrol in the camp carries intel I need. Take him out, search the camp for his GPS device and bring it to me as proof. (Without a boss mod, any patrol infected counts as the commander — with an active boss adapter, Integrations/Bosses.json maps a class name to the BossId camp_commander.)","The leader of the patrol in the camp carries intel I need. Take him out, search the camp for his GPS device and bring it to me as proof. (Without a boss mod, any patrol infected counts as the commander — with an active boss adapter, Integrations/Bosses.json maps a class name to the BossId camp_commander.)","The leader of the patrol in the camp carries intel I need. Take him out, search the camp for his GPS device and bring it to me as proof. (Without a boss mod, any patrol infected counts as the commander — with an active boss adapter, Integrations/Bosses.json maps a class name to the BossId camp_commander.)","The leader of the patrol in the camp carries intel I need. Take him out, search the camp for his GPS device and bring it to me as proof. (Without a boss mod, any patrol infected counts as the commander — with an active boss adapter, Integrations/Bosses.json maps a class name to the BossId camp_commander.)","The leader of the patrol in the camp carries intel I need. Take him out, search the camp for his GPS device and bring it to me as proof. (Without a boss mod, any patrol infected counts as the commander — with an active boss adapter, Integrations/Bosses.json maps a class name to the BossId camp_commander.)","The leader of the patrol in the camp carries intel I need. Take him out, search the camp for his GPS device and bring it to me as proof. (Without a boss mod, any patrol infected counts as the commander — with an active boss adapter, Integrations/Bosses.json maps a class name to the BossId camp_commander.)","The leader of the patrol in the camp carries intel I need. Take him out, search the camp for his GPS device and bring it to me as proof. (Without a boss mod, any patrol infected counts as the commander — with an active boss adapter, Integrations/Bosses.json maps a class name to the BossId camp_commander.)",
"STR_DME_TASKS_SEED_W005_TITLE","The Camp Commander","The Camp Commander","The Camp Commander","Der Lagerkommandant","The Camp Commander","The Camp Commander","The Camp Commander","The Camp Commander","The Camp Commander","The Camp Commander","The Camp Commander","The Camp Commander","The Camp Commander","The Camp Commander",
"STR_DME_TASKS_SEED_W006_DESC","You have proven yourself. Report back to me alive and you will get an AK-74 from my stock — and from now on I will carry it in my inventory for you as well.","You have proven yourself. Report back to me alive and you will get an AK-74 from my stock — and from now on I will carry it in my inventory for you as well.","You have proven yourself. Report back to me alive and you will get an AK-74 from my stock — and from now on I will carry it in my inventory for you as well.","Du hast dich bewährt. Melde dich lebend bei mir, dann bekommst du eine AK-74 aus meinem Bestand — und ab sofort führe ich sie auch im Sortiment für dich.","You have proven yourself. Report back to me alive and you will get an AK-74 from my stock — and from now on I will carry it in my inventory for you as well.","You have proven yourself. Report back to me alive and you will get an AK-74 from my stock — and from now on I will carry it in my inventory for you as well.","You have proven yourself. Report back to me alive and you will get an AK-74 from my stock — and from now on I will carry it in my inventory for you as well.","You have proven yourself. Report back to me alive and you will get an AK-74 from my stock — and from now on I will carry it in my inventory for you as well.","You have proven yourself. Report back to me alive and you will get an AK-74 from my stock — and from now on I will carry it in my inventory for you as well.","You have proven yourself. Report back to me alive and you will get an AK-74 from my stock — and from now on I will carry it in my inventory for you as well.","You have proven yourself. Report back to me alive and you will get an AK-74 from my stock — and from now on I will carry it in my inventory for you as well.","You have proven yourself. Report back to me alive and you will get an AK-74 from my stock — and from now on I will carry it in my inventory for you as well.","You have proven yourself. Report back to me alive and you will get an AK-74 from my stock — and from now on I will carry it in my inventory for you as well.","You have proven yourself. Report back to me alive and you will get an AK-74 from my stock — and from now on I will carry it in my inventory for you as well.",
"STR_DME_TASKS_SEED_W006_TITLE","Armament Contract","Armament Contract","Armament Contract","Rüstungsvertrag","Armament Contract","Armament Contract","Armament Contract","Armament Contract","Armament Contract","Armament Contract","Armament Contract","Armament Contract","Armament Contract","Armament Contract",
"STR_DME_TASKS_STATE_ABANDONED","ABANDONED","ABANDONED","ABANDONED","ABGEBROCHEN","ABANDONED","ABANDONED","ABANDONED","ABANDONED","ABANDONED","ABANDONED","ABANDONED","ABANDONED","ABANDONED","ABANDONED",
"STR_DME_TASKS_STATE_ACTIVE","ACTIVE","ACTIVE","ACTIVE","AKTIV","ACTIVE","ACTIVE","ACTIVE","ACTIVE","ACTIVE","ACTIVE","ACTIVE","ACTIVE","ACTIVE","ACTIVE",
"STR_DME_TASKS_STATE_AVAILABLE","AVAILABLE","AVAILABLE","AVAILABLE","VERFÜGBAR","AVAILABLE","AVAILABLE","AVAILABLE","AVAILABLE","AVAILABLE","AVAILABLE","AVAILABLE","AVAILABLE","AVAILABLE","AVAILABLE",
"STR_DME_TASKS_STATE_COMPLETED","COMPLETED","COMPLETED","COMPLETED","ABGESCHLOSSEN","COMPLETED","COMPLETED","COMPLETED","COMPLETED","COMPLETED","COMPLETED","COMPLETED","COMPLETED","COMPLETED","COMPLETED",
"STR_DME_TASKS_STATE_COOLDOWN","COOLDOWN","COOLDOWN","COOLDOWN","COOLDOWN","COOLDOWN","COOLDOWN","COOLDOWN","COOLDOWN","COOLDOWN","COOLDOWN","COOLDOWN","COOLDOWN","COOLDOWN","COOLDOWN",
"STR_DME_TASKS_STATE_EXPIRED","EXPIRED","EXPIRED","EXPIRED","ABGELAUFEN","EXPIRED","EXPIRED","EXPIRED","EXPIRED","EXPIRED","EXPIRED","EXPIRED","EXPIRED","EXPIRED","EXPIRED",
"STR_DME_TASKS_STATE_FAILED","FAILED","FAILED","FAILED","FEHLGESCHLAGEN","FAILED","FAILED","FAILED","FAILED","FAILED","FAILED","FAILED","FAILED","FAILED","FAILED",
"STR_DME_TASKS_STATE_LOCKED","LOCKED","LOCKED","LOCKED","GESPERRT","LOCKED","LOCKED","LOCKED","LOCKED","LOCKED","LOCKED","LOCKED","LOCKED","LOCKED","LOCKED",
"STR_DME_TASKS_STATE_READY_TO_TURN_IN","READY TO TURN IN","READY TO TURN IN","READY TO TURN IN","ABGABEBEREIT","READY TO TURN IN","READY TO TURN IN","READY TO TURN IN","READY TO TURN IN","READY TO TURN IN","READY TO TURN IN","READY TO TURN IN","READY TO TURN IN","READY TO TURN IN","READY TO TURN IN",
"STR_DME_TASKS_STATE_UNKNOWN","UNKNOWN","UNKNOWN","UNKNOWN","UNBEKANNT","UNKNOWN","UNKNOWN","UNKNOWN","UNKNOWN","UNKNOWN","UNKNOWN","UNKNOWN","UNKNOWN","UNKNOWN","UNKNOWN",
